ProductName,OrderMonth,TotalSales
Alice Mutton,2014-07,936.0
Alice Mutton,2014-08,819.0
Alice Mutton,2014-09,1248.0
Alice Mutton,2014-10,2948.4
Alice Mutton,2014-11,1010.88
Alice Mutton,2015-01,2355.6
Alice Mutton,2015-02,312.0
Alice Mutton,2015-05,2718.3
Alice Mutton,2015-06,1294.8
Alice Mutton,2015-07,3900.0
Alice Mutton,2015-09,936.0
Alice Mutton,2015-10,1866.15
Alice Mutton,2015-11,741.0
Alice Mutton,2015-12,3480.75
Alice Mutton,2016-01,1872.0
Alice Mutton,2016-02,2035.8
Alice Mutton,2016-03,1053.0
Alice Mutton,2016-04,468.0
Alice Mutton,2016-05,2702.7
Aniseed Syrup,2014-08,240.0
Aniseed Syrup,2015-01,400.0
Aniseed Syrup,2015-03,144.0
Aniseed Syrup,2015-05,600.0
Aniseed Syrup,2015-07,140.0
Aniseed Syrup,2015-10,60.0
Aniseed Syrup,2015-11,200.0
Aniseed Syrup,2015-12,180.0
Aniseed Syrup,2016-01,790.0
Aniseed Syrup,2016-04,250.0
Aniseed Syrup,2016-05,40.0
Boston Crab Meat,2014-07,735.0
Boston Crab Meat,2014-08,1308.3
Boston Crab Meat,2014-09,676.2
Boston Crab Meat,2014-11,58.8
Boston Crab Meat,2015-01,577.71
Boston Crab Meat,2015-02,294.0
Boston Crab Meat,2015-03,896.7
Boston Crab Meat,2015-04,460.0
Boston Crab Meat,2015-05,561.2
Boston Crab Meat,2015-06,956.8
Boston Crab Meat,2015-07,772.8
Boston Crab Meat,2015-08,1104.0
Boston Crab Meat,2015-09,2535.52
Boston Crab Meat,2015-11,1637.6
Boston Crab Meat,2015-12,18.4
Boston Crab Meat,2016-01,1950.4
Boston Crab Meat,2016-02,1895.2
Boston Crab Meat,2016-03,552.0
Boston Crab Meat,2016-04,920.0
Camembert Pierrot,2014-07,1088.0
Camembert Pierrot,2014-08,1931.2
Camembert Pierrot,2014-11,3587.68
Camembert Pierrot,2014-12,2418.08
Camembert Pierrot,2015-01,1550.4
Camembert Pierrot,2015-03,1632.0
Camembert Pierrot,2015-04,3097.4
Camembert Pierrot,2015-05,892.5
Camembert Pierrot,2015-06,693.6
Camembert Pierrot,2015-07,4131.0
Camembert Pierrot,2015-08,1020.0
Camembert Pierrot,2015-09,4428.5
Camembert Pierrot,2015-10,340.0
Camembert Pierrot,2015-11,2210.0
Camembert Pierrot,2015-12,510.0
Camembert Pierrot,2016-01,4998.0
Camembert Pierrot,2016-02,3400.0
Camembert Pierrot,2016-03,2978.4
Camembert Pierrot,2016-04,5854.8
Camembert Pierrot,2016-05,63.92
Carnarvon Tigers,2014-08,600.0
Carnarvon Tigers,2014-09,1125.0
Carnarvon Tigers,2014-10,2550.0
Carnarvon Tigers,2014-12,450.0
Carnarvon Tigers,2015-03,1500.0
Carnarvon Tigers,2015-04,1406.25
Carnarvon Tigers,2015-06,956.25
Carnarvon Tigers,2015-07,2000.0
Carnarvon Tigers,2015-08,5100.0
Carnarvon Tigers,2015-10,562.5
Carnarvon Tigers,2015-11,2550.0
Carnarvon Tigers,2015-12,1875.0
Carnarvon Tigers,2016-01,3046.875
Carnarvon Tigers,2016-02,1562.5
Carnarvon Tigers,2016-03,1012.5
Carnarvon Tigers,2016-04,2875.0
Chai,2014-08,777.6
Chai,2014-09,288.0
Chai,2014-11,356.4
Chai,2014-12,183.6
Chai,2015-01,489.6
Chai,2015-03,216.0
Chai,2015-04,576.0
Chai,2015-05,122.4
Chai,2015-06,180.0
Chai,2015-07,522.0
Chai,2015-08,652.5
Chai,2015-10,1084.5
Chai,2015-11,1044.0
Chai,2016-01,1206.0
Chai,2016-02,1548.0
Chai,2016-03,1188.0
Chai,2016-04,1741.5
Chai,2016-05,612.0
Chang,2014-07,1444.0
Chang,2014-09,608.0
Chang,2014-10,680.96
Chang,2014-12,285.0
Chang,2015-01,912.0
Chang,2015-02,733.4
Chang,2015-03,790.4
Chang,2015-04,228.0
Chang,2015-07,190.0
Chang,2015-08,1871.5
Chang,2015-10,579.5
Chang,2015-11,228.0
Chang,2015-12,1505.75
Chang,2016-01,1127.65
Chang,2016-02,1059.25
Chang,2016-03,161.5
Chang,2016-04,2949.75
Chang,2016-05,1001.3
Chartreuse verte,2014-07,691.2
Chartreuse verte,2014-09,1252.8
Chartreuse verte,2014-10,57.6
Chartreuse verte,2014-11,1311.84
Chartreuse verte,2014-12,244.8
Chartreuse verte,2015-02,374.4
Chartreuse verte,2015-03,216.0
Chartreuse verte,2015-04,180.0
Chartreuse verte,2015-06,180.0
Chartreuse verte,2015-07,90.0
Chartreuse verte,2015-08,643.5
Chartreuse verte,2015-09,367.2
Chartreuse verte,2015-12,2424.6
Chartreuse verte,2016-01,1026.0
Chartreuse verte,2016-02,2300.4
Chartreuse verte,2016-03,540.0
Chartreuse verte,2016-05,394.2
Chef Anton's Cajun Seasoning,2014-09,352.0
Chef Anton's Cajun Seasoning,2014-10,883.52
Chef Anton's Cajun Seasoning,2014-11,616.0
Chef Anton's Cajun Seasoning,2015-03,225.28
Chef Anton's Cajun Seasoning,2015-04,935.0
Chef Anton's Cajun Seasoning,2015-05,2035.0
Chef Anton's Cajun Seasoning,2015-07,352.0
Chef Anton's Cajun Seasoning,2015-08,748.0
Chef Anton's Cajun Seasoning,2015-09,237.6
Chef Anton's Cajun Seasoning,2015-10,132.0
Chef Anton's Cajun Seasoning,2015-11,550.0
Chef Anton's Cajun Seasoning,2016-01,462.0
Chef Anton's Cajun Seasoning,2016-02,495.0
Chef Anton's Cajun Seasoning,2016-03,110.0
Chef Anton's Cajun Seasoning,2016-04,412.5
Chef Anton's Cajun Seasoning,2016-05,22.0
Chef Anton's Gumbo Mix,2014-07,1047.2
Chef Anton's Gumbo Mix,2014-08,340.0
Chef Anton's Gumbo Mix,2014-12,544.0
Chef Anton's Gumbo Mix,2015-08,288.225
Chef Anton's Gumbo Mix,2015-10,85.4
Chef Anton's Gumbo Mix,2016-01,640.5
Chef Anton's Gumbo Mix,2016-03,427.0
Chef Anton's Gumbo Mix,2016-04,1974.875
Chocolade,2015-01,606.9
Chocolade,2015-02,137.7
Chocolade,2015-04,162.5625
Chocolade,2015-07,68.85
Chocolade,2015-10,306.0
Chocolade,2016-01,86.7
C�te de Blaye,2014-10,4005.2
C�te de Blaye,2014-11,14545.2
C�te de Blaye,2014-12,6324.0
C�te de Blaye,2015-01,18803.36
C�te de Blaye,2015-03,6324.0
C�te de Blaye,2015-04,3952.5
C�te de Blaye,2015-05,8853.6
C�te de Blaye,2015-07,3754.875
C�te de Blaye,2015-09,3557.25
C�te de Blaye,2015-12,3952.5
C�te de Blaye,2016-01,18049.75
C�te de Blaye,2016-02,25559.5
C�te de Blaye,2016-03,17127.5
C�te de Blaye,2016-04,6587.5
Escargots de Bourgogne,2014-09,286.2
Escargots de Bourgogne,2014-10,254.4
Escargots de Bourgogne,2014-12,837.4
Escargots de Bourgogne,2015-05,265.0
Escargots de Bourgogne,2015-07,397.5
Escargots de Bourgogne,2015-08,79.5
Escargots de Bourgogne,2015-09,916.9
Escargots de Bourgogne,2015-10,417.375
Escargots de Bourgogne,2016-01,1073.25
Escargots de Bourgogne,2016-02,532.65
Escargots de Bourgogne,2016-03,318.0
Escargots de Bourgogne,2016-04,503.5
Filo Mix,2014-10,156.8
Filo Mix,2014-12,89.6
Filo Mix,2015-02,187.6
Filo Mix,2015-04,42.0
Filo Mix,2015-06,700.0
Filo Mix,2015-07,191.8
Filo Mix,2015-08,35.0
Filo Mix,2015-09,63.0
Filo Mix,2015-10,28.0
Filo Mix,2015-11,721.0
Filo Mix,2015-12,155.75
Filo Mix,2016-01,196.0
Filo Mix,2016-02,93.1
Filo Mix,2016-03,370.3
Filo Mix,2016-04,189.0
Filo Mix,2016-05,14.0
Flotemysost,2014-08,344.0
Flotemysost,2014-09,86.0
Flotemysost,2014-10,1135.2
Flotemysost,2014-11,86.0
Flotemysost,2014-12,2597.2
Flotemysost,2015-01,1290.0
Flotemysost,2015-02,1410.4
Flotemysost,2015-03,206.4
Flotemysost,2015-05,174.15
Flotemysost,2015-07,806.25
Flotemysost,2015-08,1236.25
Flotemysost,2015-09,498.8
Flotemysost,2015-10,2214.5
Flotemysost,2015-12,602.0
Flotemysost,2016-01,946.0
Flotemysost,2016-02,1182.5
Flotemysost,2016-03,564.375
Flotemysost,2016-04,4171.0
Geitost,2014-07,161.5
Geitost,2014-08,88.0
Geitost,2014-10,16.0
Geitost,2014-12,120.0
Geitost,2015-01,238.0
Geitost,2015-02,32.0
Geitost,2015-03,24.0
Geitost,2015-04,34.0
Geitost,2015-05,128.5
Geitost,2015-06,80.0
Geitost,2015-07,35.0
Geitost,2015-08,47.5
Geitost,2015-09,167.0
Geitost,2016-01,136.0
Geitost,2016-02,150.0
Geitost,2016-03,53.125
Geitost,2016-04,137.5
Genen Shouyu,2014-08,248.0
Genen Shouyu,2014-10,62.0
Genen Shouyu,2015-04,176.7
Genen Shouyu,2015-06,155.0
Genen Shouyu,2015-07,368.125
Genen Shouyu,2015-09,775.0
Gnocchi di nonna Alice,2014-07,60.8
Gnocchi di nonna Alice,2014-09,729.6
Gnocchi di nonna Alice,2014-10,346.56
Gnocchi di nonna Alice,2014-11,608.0
Gnocchi di nonna Alice,2014-12,1018.4
Gnocchi di nonna Alice,2015-01,3192.0
Gnocchi di nonna Alice,2015-02,2401.6
Gnocchi di nonna Alice,2015-03,1337.6
Gnocchi di nonna Alice,2015-04,5517.6
Gnocchi di nonna Alice,2015-05,969.0
Gnocchi di nonna Alice,2015-06,3382.0
Gnocchi di nonna Alice,2015-07,1748.0
Gnocchi di nonna Alice,2015-08,2926.0
Gnocchi di nonna Alice,2015-09,2097.6
Gnocchi di nonna Alice,2015-10,2223.0
Gnocchi di nonna Alice,2015-11,3275.6
Gnocchi di nonna Alice,2015-12,3534.0
Gnocchi di nonna Alice,2016-01,3838.0
Gnocchi di nonna Alice,2016-02,1366.1
Gnocchi di nonna Alice,2016-03,1071.6
Gnocchi di nonna Alice,2016-04,950.0
Gorgonzola Telino,2014-07,200.0
Gorgonzola Telino,2014-08,542.5
Gorgonzola Telino,2014-10,688.0
Gorgonzola Telino,2014-11,1165.0
Gorgonzola Telino,2014-12,1559.0
Gorgonzola Telino,2015-01,140.0
Gorgonzola Telino,2015-02,27.0
Gorgonzola Telino,2015-03,297.5
Gorgonzola Telino,2015-04,190.0
Gorgonzola Telino,2015-05,1584.375
Gorgonzola Telino,2015-06,1865.0
Gorgonzola Telino,2015-09,515.0
Gorgonzola Telino,2015-10,875.0
Gorgonzola Telino,2015-11,135.625
Gorgonzola Telino,2015-12,1671.25
Gorgonzola Telino,2016-01,893.75
Gorgonzola Telino,2016-02,437.5
Gorgonzola Telino,2016-03,1696.875
Gorgonzola Telino,2016-04,187.5
Gorgonzola Telino,2016-05,250.0
Grandma's Boysenberry Spread,2014-09,600.0
Grandma's Boysenberry Spread,2014-10,120.0
Grandma's Boysenberry Spread,2015-08,1750.0
Grandma's Boysenberry Spread,2015-11,750.0
Grandma's Boysenberry Spread,2016-01,150.0
Grandma's Boysenberry Spread,2016-02,1187.5
Grandma's Boysenberry Spread,2016-03,2180.0
Grandma's Boysenberry Spread,2016-05,399.5
Gravad lax,2014-07,20.8
Gravad lax,2014-10,582.4
Gravad lax,2015-01,208.0
Gravad lax,2015-05,421.2
Gravad lax,2016-01,1248.0
Gravad lax,2016-03,208.0
Guaran� Fant�stica,2014-07,146.7
Guaran� Fant�stica,2014-08,141.84
Guaran� Fant�stica,2014-11,160.2
Guaran� Fant�stica,2014-12,108.0
Guaran� Fant�stica,2015-02,64.8
Guaran� Fant�stica,2015-03,464.4
Guaran� Fant�stica,2015-04,159.75
Guaran� Fant�stica,2015-05,141.75
Guaran� Fant�stica,2015-06,166.05
Guaran� Fant�stica,2015-07,126.0
Guaran� Fant�stica,2015-08,93.375
Guaran� Fant�stica,2015-10,247.5
Guaran� Fant�stica,2015-12,166.5
Guaran� Fant�stica,2016-01,135.0
Guaran� Fant�stica,2016-02,650.25
Guaran� Fant�stica,2016-03,888.75
Guaran� Fant�stica,2016-04,553.5
Guaran� Fant�stica,2016-05,90.0
Gudbrandsdalsost,2014-09,662.4
Gudbrandsdalsost,2014-11,1906.56
Gudbrandsdalsost,2014-12,1670.4
Gudbrandsdalsost,2015-01,979.2
Gudbrandsdalsost,2015-04,259.2
Gudbrandsdalsost,2015-05,1008.0
Gudbrandsdalsost,2015-06,306.0
Gudbrandsdalsost,2015-07,2331.0
Gudbrandsdalsost,2015-08,540.0
Gudbrandsdalsost,2015-09,1296.0
Gudbrandsdalsost,2015-10,1773.0
Gudbrandsdalsost,2015-11,3879.0
Gudbrandsdalsost,2015-12,691.2
Gudbrandsdalsost,2016-02,1710.0
Gudbrandsdalsost,2016-03,684.0
Gudbrandsdalsost,2016-04,2246.4
Gula Malacca,2014-08,908.3
Gula Malacca,2014-11,1133.825
Gula Malacca,2015-01,496.0
Gula Malacca,2015-02,1472.5
Gula Malacca,2015-03,223.975
Gula Malacca,2015-04,175.05
Gula Malacca,2015-05,778.0
Gula Malacca,2015-06,602.95
Gula Malacca,2015-08,194.5
Gula Malacca,2015-09,898.59
Gula Malacca,2015-10,1390.675
Gula Malacca,2015-11,311.2
Gula Malacca,2015-12,194.5
Gula Malacca,2016-01,248.96
Gula Malacca,2016-03,361.77
Gula Malacca,2016-04,525.15
Gumb�r Gummib�rchen,2014-10,1655.85
Gumb�r Gummib�rchen,2014-11,398.4
Gumb�r Gummib�rchen,2014-12,1307.25
Gumb�r Gummib�rchen,2015-01,1755.45
Gumb�r Gummib�rchen,2015-02,1269.9
Gumb�r Gummib�rchen,2015-03,747.0
Gumb�r Gummib�rchen,2015-05,1249.2
Gumb�r Gummib�rchen,2015-07,335.7225
Gumb�r Gummib�rchen,2015-08,929.0925
Gumb�r Gummib�rchen,2015-09,1264.815
Gumb�r Gummib�rchen,2015-10,1405.35
Gumb�r Gummib�rchen,2015-11,961.884
Gumb�r Gummib�rchen,2015-12,524.664
Gumb�r Gummib�rchen,2016-01,2734.1865
Gumb�r Gummib�rchen,2016-02,624.6
Gumb�r Gummib�rchen,2016-03,156.15
Gumb�r Gummib�rchen,2016-04,2529.63
Gustaf's Kn�ckebr�d,2014-07,95.76
Gustaf's Kn�ckebr�d,2015-02,201.6
Gustaf's Kn�ckebr�d,2015-05,504.0
Gustaf's Kn�ckebr�d,2015-07,1008.0
Gustaf's Kn�ckebr�d,2015-08,1995.0
Gustaf's Kn�ckebr�d,2015-09,315.0
Gustaf's Kn�ckebr�d,2015-12,210.0
Gustaf's Kn�ckebr�d,2016-01,1827.0
Gustaf's Kn�ckebr�d,2016-03,441.0
Gustaf's Kn�ckebr�d,2016-04,525.0
Ikura,2014-08,937.44
Ikura,2014-11,595.2
Ikura,2014-12,396.8
Ikura,2015-02,744.0
Ikura,2015-03,471.2
Ikura,2015-04,471.2
Ikura,2015-05,62.0
Ikura,2015-06,155.0
Ikura,2015-07,2480.0
Ikura,2015-08,418.5
Ikura,2015-09,1314.4
Ikura,2015-10,2207.2
Ikura,2015-12,1612.0
Ikura,2016-01,3596.0
Ikura,2016-02,2480.0
Ikura,2016-03,2263.0
Ikura,2016-04,632.4
Ikura,2016-05,31.0
Inlagd Sill,2014-07,380.0
Inlagd Sill,2014-08,456.0
Inlagd Sill,2014-09,638.4
Inlagd Sill,2014-10,790.4
Inlagd Sill,2014-11,288.8
Inlagd Sill,2014-12,72.96
Inlagd Sill,2015-01,68.4
Inlagd Sill,2015-05,2223.0
Inlagd Sill,2015-06,475.0
Inlagd Sill,2015-07,1344.25
Inlagd Sill,2015-08,285.0
Inlagd Sill,2015-09,655.5
Inlagd Sill,2015-10,855.0
Inlagd Sill,2015-11,418.0
Inlagd Sill,2015-12,570.0
Inlagd Sill,2016-01,712.5
Inlagd Sill,2016-02,380.0
Inlagd Sill,2016-03,1619.75
Inlagd Sill,2016-04,1225.5
Ipoh Coffee,2014-08,1472.0
Ipoh Coffee,2014-09,2060.8
Ipoh Coffee,2014-10,1398.4
Ipoh Coffee,2015-02,736.0
Ipoh Coffee,2015-03,662.4
Ipoh Coffee,2015-04,586.5
Ipoh Coffee,2015-05,3910.0
Ipoh Coffee,2015-08,920.0
Ipoh Coffee,2015-09,276.0
Ipoh Coffee,2015-10,2944.0
Ipoh Coffee,2015-12,1035.0
Ipoh Coffee,2016-01,1748.0
Ipoh Coffee,2016-03,1886.0
Ipoh Coffee,2016-04,2484.0
Ipoh Coffee,2016-05,1407.6
Jack's New England Clam Chowder,2014-07,333.025
Jack's New England Clam Chowder,2014-09,77.0
Jack's New England Clam Chowder,2014-10,241.78
Jack's New England Clam Chowder,2014-11,100.1
Jack's New England Clam Chowder,2014-12,55.44
Jack's New England Clam Chowder,2015-01,154.0
Jack's New England Clam Chowder,2015-02,231.0
Jack's New England Clam Chowder,2015-04,945.3
Jack's New England Clam Chowder,2015-05,187.21
Jack's New England Clam Chowder,2015-06,192.5175
Jack's New England Clam Chowder,2015-09,1582.6
Jack's New England Clam Chowder,2015-10,521.1
Jack's New England Clam Chowder,2015-11,453.55
Jack's New England Clam Chowder,2015-12,689.975
Jack's New England Clam Chowder,2016-01,501.8
Jack's New England Clam Chowder,2016-02,472.85
Jack's New England Clam Chowder,2016-03,383.105
Jack's New England Clam Chowder,2016-04,940.3925
Jack's New England Clam Chowder,2016-05,617.6
Konbu,2014-08,134.4
Konbu,2014-10,57.6
Konbu,2014-12,230.4
Konbu,2015-01,8.64
Konbu,2015-03,4.8
Konbu,2015-04,60.0
Konbu,2015-05,108.0
Konbu,2015-07,403.2
Konbu,2015-08,66.3
Konbu,2015-11,60.0
Konbu,2015-12,102.0
Konbu,2016-01,483.9
Konbu,2016-02,429.6
Konbu,2016-03,1584.6
Konbu,2016-04,1146.0
Konbu,2016-05,81.0
Lakkalik��ri,2014-07,183.6
Lakkalik��ri,2014-08,451.44
Lakkalik��ri,2014-10,734.4
Lakkalik��ri,2014-11,172.8
Lakkalik��ri,2014-12,504.0
Lakkalik��ri,2015-01,417.6
Lakkalik��ri,2015-02,220.32
Lakkalik��ri,2015-03,514.08
Lakkalik��ri,2015-05,900.0
Lakkalik��ri,2015-06,1152.0
Lakkalik��ri,2015-07,1659.6
Lakkalik��ri,2015-08,630.0
Lakkalik��ri,2015-09,180.0
Lakkalik��ri,2015-10,805.5
Lakkalik��ri,2015-11,900.0
Lakkalik��ri,2016-01,1408.5
Lakkalik��ri,2016-02,180.0
Lakkalik��ri,2016-03,2502.0
Lakkalik��ri,2016-04,2214.0
Lakkalik��ri,2016-05,30.6
Laughing Lumberjack Lager,2014-08,42.0
Laughing Lumberjack Lager,2015-04,420.0
Laughing Lumberjack Lager,2015-05,98.0
Laughing Lumberjack Lager,2015-09,350.0
Laughing Lumberjack Lager,2015-12,42.0
Laughing Lumberjack Lager,2016-02,420.0
Laughing Lumberjack Lager,2016-03,744.8
Laughing Lumberjack Lager,2016-04,280.0
Longlife Tofu,2014-07,384.0
Longlife Tofu,2014-12,648.0
Longlife Tofu,2015-01,120.0
Longlife Tofu,2015-02,240.0
Longlife Tofu,2015-03,128.0
Longlife Tofu,2015-11,50.0
Longlife Tofu,2015-12,462.5
Longlife Tofu,2016-01,200.0
Longlife Tofu,2016-04,200.0
Louisiana Fiery Hot Pepper Sauce,2014-07,550.2
Louisiana Fiery Hot Pepper Sauce,2014-09,453.6
Louisiana Fiery Hot Pepper Sauce,2014-10,672.0
Louisiana Fiery Hot Pepper Sauce,2014-11,495.6
Louisiana Fiery Hot Pepper Sauce,2014-12,302.4
Louisiana Fiery Hot Pepper Sauce,2015-01,336.0
Louisiana Fiery Hot Pepper Sauce,2015-02,1011.36
Louisiana Fiery Hot Pepper Sauce,2015-04,1468.75
Louisiana Fiery Hot Pepper Sauce,2015-05,682.02
Louisiana Fiery Hot Pepper Sauce,2015-06,599.925
Louisiana Fiery Hot Pepper Sauce,2015-07,202.08
Louisiana Fiery Hot Pepper Sauce,2015-08,442.05
Louisiana Fiery Hot Pepper Sauce,2015-09,731.4875
Louisiana Fiery Hot Pepper Sauce,2015-10,1299.8375
Louisiana Fiery Hot Pepper Sauce,2015-11,1041.975
Louisiana Fiery Hot Pepper Sauce,2015-12,1557.7
Louisiana Fiery Hot Pepper Sauce,2016-01,268.3875
Louisiana Fiery Hot Pepper Sauce,2016-02,1312.4675
Louisiana Fiery Hot Pepper Sauce,2016-04,442.05
Louisiana Hot Spiced Okra,2014-09,408.0
Louisiana Hot Spiced Okra,2015-02,816.0
Louisiana Hot Spiced Okra,2015-03,693.6
Louisiana Hot Spiced Okra,2015-04,122.4
Louisiana Hot Spiced Okra,2015-05,408.0
Louisiana Hot Spiced Okra,2015-09,68.0
Louisiana Hot Spiced Okra,2015-12,850.0
Louisiana Hot Spiced Okra,2016-05,17.0
Manjimup Dried Apples,2014-07,2957.4
Manjimup Dried Apples,2014-08,76.32
Manjimup Dried Apples,2014-10,1628.16
Manjimup Dried Apples,2014-11,848.0
Manjimup Dried Apples,2014-12,648.72
Manjimup Dried Apples,2015-03,1950.4
Manjimup Dried Apples,2015-05,2480.4
Manjimup Dried Apples,2015-06,4717.0
Manjimup Dried Apples,2015-08,795.0
Manjimup Dried Apples,2015-09,2067.0
Manjimup Dried Apples,2015-10,1855.0
Manjimup Dried Apples,2015-11,1510.5
Manjimup Dried Apples,2015-12,9195.5
Manjimup Dried Apples,2016-01,636.0
Manjimup Dried Apples,2016-02,106.0
Manjimup Dried Apples,2016-03,3922.0
Manjimup Dried Apples,2016-04,6426.25
Mascarpone Fabioli,2014-07,122.88
Mascarpone Fabioli,2014-09,921.6
Mascarpone Fabioli,2014-10,122.88
Mascarpone Fabioli,2015-04,1280.0
Mascarpone Fabioli,2015-05,652.8
Mascarpone Fabioli,2015-06,288.0
Mascarpone Fabioli,2015-10,128.0
Mascarpone Fabioli,2015-11,320.0
Mascarpone Fabioli,2016-01,640.0
Mascarpone Fabioli,2016-02,192.0
Mascarpone Fabioli,2016-03,1008.0
Mascarpone Fabioli,2016-04,2696.0
Mascarpone Fabioli,2016-05,32.0
Maxilaku,2014-07,640.0
Maxilaku,2014-08,240.0
Maxilaku,2014-09,480.0
Maxilaku,2014-11,560.0
Maxilaku,2015-01,936.0
Maxilaku,2015-02,285.6
Maxilaku,2015-03,384.0
Maxilaku,2015-04,500.0
Maxilaku,2015-05,120.0
Maxilaku,2015-07,835.0
Maxilaku,2015-12,68.0
Maxilaku,2016-02,1596.0
Maxilaku,2016-03,1360.0
Maxilaku,2016-04,1240.0
Mishi Kobe Niku,2015-01,1396.8
Mishi Kobe Niku,2015-04,1319.2
Mishi Kobe Niku,2015-09,3637.5
Mishi Kobe Niku,2015-10,582.0
Mishi Kobe Niku,2016-01,291.0
Mozzarella di Giovanni,2014-07,813.4
Mozzarella di Giovanni,2014-08,945.2
Mozzarella di Giovanni,2014-09,556.0
Mozzarella di Giovanni,2014-10,2397.75
Mozzarella di Giovanni,2014-12,2059.98
Mozzarella di Giovanni,2015-02,1390.0
Mozzarella di Giovanni,2015-04,695.0
Mozzarella di Giovanni,2015-05,1914.0
Mozzarella di Giovanni,2015-06,1879.2
Mozzarella di Giovanni,2015-07,417.6
Mozzarella di Giovanni,2015-08,2610.0
Mozzarella di Giovanni,2015-11,1461.6
Mozzarella di Giovanni,2015-12,1235.4
Mozzarella di Giovanni,2016-01,1722.6
Mozzarella di Giovanni,2016-03,3514.8
Mozzarella di Giovanni,2016-04,1287.6
Nord-Ost Matjeshering,2014-07,931.5
Nord-Ost Matjeshering,2014-08,124.2
Nord-Ost Matjeshering,2014-09,207.0
Nord-Ost Matjeshering,2014-10,1047.42
Nord-Ost Matjeshering,2014-12,335.34
Nord-Ost Matjeshering,2015-01,372.6
Nord-Ost Matjeshering,2015-02,434.7
Nord-Ost Matjeshering,2015-03,165.6
Nord-Ost Matjeshering,2015-04,414.24
Nord-Ost Matjeshering,2015-05,906.15
Nord-Ost Matjeshering,2015-06,517.8
Nord-Ost Matjeshering,2015-08,776.7
Nord-Ost Matjeshering,2015-09,38.835
Nord-Ost Matjeshering,2015-10,58.2525
Nord-Ost Matjeshering,2015-11,1553.4
Nord-Ost Matjeshering,2015-12,796.1175
Nord-Ost Matjeshering,2016-01,491.91
Nord-Ost Matjeshering,2016-02,2983.8225
Nord-Ost Matjeshering,2016-03,802.59
Nord-Ost Matjeshering,2016-04,388.35
Nord-Ost Matjeshering,2016-05,77.67
Northwoods Cranberry Sauce,2014-11,3920.0
Northwoods Cranberry Sauce,2015-04,1300.0
Northwoods Cranberry Sauce,2015-10,2000.0
Northwoods Cranberry Sauce,2015-12,960.0
Northwoods Cranberry Sauce,2016-01,800.0
Northwoods Cranberry Sauce,2016-02,1200.0
Northwoods Cranberry Sauce,2016-03,1320.0
Northwoods Cranberry Sauce,2016-04,1200.0
Northwoods Cranberry Sauce,2016-05,72.0
NuNuCa Nu�-Nougat-Creme,2014-10,44.8
NuNuCa Nu�-Nougat-Creme,2014-11,672.0
NuNuCa Nu�-Nougat-Creme,2014-12,58.8
NuNuCa Nu�-Nougat-Creme,2015-03,134.4
NuNuCa Nu�-Nougat-Creme,2015-04,865.2
NuNuCa Nu�-Nougat-Creme,2015-12,693.0
NuNuCa Nu�-Nougat-Creme,2016-01,620.2
NuNuCa Nu�-Nougat-Creme,2016-02,70.0
NuNuCa Nu�-Nougat-Creme,2016-03,336.0
NuNuCa Nu�-Nougat-Creme,2016-04,210.0
Original Frankfurter gr�ne So�e,2014-07,280.8
Original Frankfurter gr�ne So�e,2014-08,104.0
Original Frankfurter gr�ne So�e,2014-11,124.8
Original Frankfurter gr�ne So�e,2014-12,145.6
Original Frankfurter gr�ne So�e,2015-01,452.4
Original Frankfurter gr�ne So�e,2015-02,514.8
Original Frankfurter gr�ne So�e,2015-03,358.28
Original Frankfurter gr�ne So�e,2015-04,312.0
Original Frankfurter gr�ne So�e,2015-05,123.5
Original Frankfurter gr�ne So�e,2015-06,234.0
Original Frankfurter gr�ne So�e,2015-07,1049.75
Original Frankfurter gr�ne So�e,2015-08,341.25
Original Frankfurter gr�ne So�e,2015-09,864.5
Original Frankfurter gr�ne So�e,2015-10,292.5
Original Frankfurter gr�ne So�e,2015-11,23.4
Original Frankfurter gr�ne So�e,2015-12,195.0
Original Frankfurter gr�ne So�e,2016-01,651.3
Original Frankfurter gr�ne So�e,2016-02,845.0
Original Frankfurter gr�ne So�e,2016-03,910.0
Original Frankfurter gr�ne So�e,2016-04,1013.35
Original Frankfurter gr�ne So�e,2016-05,335.4
Outback Lager,2014-07,429.0
Outback Lager,2014-09,660.0
Outback Lager,2014-12,720.0
Outback Lager,2015-01,86.4
Outback Lager,2015-02,270.0
Outback Lager,2015-03,792.0
Outback Lager,2015-04,279.0
Outback Lager,2015-05,105.0
Outback Lager,2015-07,213.75
Outback Lager,2015-08,468.75
Outback Lager,2015-09,570.0
Outback Lager,2015-10,1558.5
Outback Lager,2015-11,600.0
Outback Lager,2015-12,525.0
Outback Lager,2016-01,1372.5
Outback Lager,2016-02,1083.75
Outback Lager,2016-04,939.0
Pavlova,2014-07,1112.0
Pavlova,2014-08,472.6
Pavlova,2014-09,556.0
Pavlova,2014-10,248.115
Pavlova,2014-11,739.48
Pavlova,2015-01,248.115
Pavlova,2015-02,1023.735
Pavlova,2015-03,663.725
Pavlova,2015-04,872.5
Pavlova,2015-05,1334.925
Pavlova,2015-06,188.46
Pavlova,2015-07,497.325
Pavlova,2015-09,1352.375
Pavlova,2015-10,698.0
Pavlova,2015-11,301.0125
Pavlova,2015-12,1483.25
Pavlova,2016-01,872.5
Pavlova,2016-02,958.005
Pavlova,2016-03,2830.39
Pavlova,2016-05,763.263
Perth Pasties,2014-07,393.0
Perth Pasties,2014-08,754.56
Perth Pasties,2014-09,786.0
Perth Pasties,2014-12,3170.2
Perth Pasties,2015-01,596.05
Perth Pasties,2015-02,1703.0
Perth Pasties,2015-03,733.6
Perth Pasties,2015-04,688.8
Perth Pasties,2015-06,1410.4
Perth Pasties,2015-08,1172.6
Perth Pasties,2015-09,328.0
Perth Pasties,2015-10,4029.48
Perth Pasties,2016-01,921.68
Perth Pasties,2016-02,98.4
Perth Pasties,2016-03,721.6
Perth Pasties,2016-04,2328.8
Perth Pasties,2016-05,738.0
P�t� chinois,2014-07,342.72
P�t� chinois,2014-08,384.0
P�t� chinois,2014-10,614.4
P�t� chinois,2014-11,230.4
P�t� chinois,2014-12,2361.6
P�t� chinois,2015-01,144.0
P�t� chinois,2015-02,2937.6
P�t� chinois,2015-03,554.88
P�t� chinois,2015-05,336.0
P�t� chinois,2015-06,980.4
P�t� chinois,2015-07,504.0
P�t� chinois,2015-08,273.6
P�t� chinois,2015-09,86.4
P�t� chinois,2015-10,648.0
P�t� chinois,2015-11,288.0
P�t� chinois,2015-12,1080.0
P�t� chinois,2016-02,840.0
P�t� chinois,2016-03,576.0
P�t� chinois,2016-04,4110.0
P�t� chinois,2016-05,134.4
Queso Cabrales,2014-07,168.0
Queso Cabrales,2014-09,201.6
Queso Cabrales,2014-10,672.0
Queso Cabrales,2014-11,564.48
Queso Cabrales,2015-01,504.0
Queso Cabrales,2015-02,685.44
Queso Cabrales,2015-03,441.0
Queso Cabrales,2015-05,1832.25
Queso Cabrales,2015-06,924.0
Queso Cabrales,2015-07,294.0
Queso Cabrales,2015-08,210.0
Queso Cabrales,2015-10,315.0
Queso Cabrales,2015-11,105.0
Queso Cabrales,2015-12,1601.25
Queso Cabrales,2016-01,1218.0
Queso Cabrales,2016-02,1680.0
Queso Cabrales,2016-03,1065.75
Queso Cabrales,2016-04,210.0
Queso Cabrales,2016-05,210.0
Queso Manchego La Pastora,2014-07,346.56
Queso Manchego La Pastora,2015-02,456.0
Queso Manchego La Pastora,2015-05,1396.5
Queso Manchego La Pastora,2015-08,1162.8
Queso Manchego La Pastora,2015-09,3800.0
Queso Manchego La Pastora,2015-10,1520.0
Queso Manchego La Pastora,2016-03,1900.0
Queso Manchego La Pastora,2016-04,1603.6
Queso Manchego La Pastora,2016-05,72.2
Raclette Courdavault,2014-07,3938.0
Raclette Courdavault,2014-08,910.8
Raclette Courdavault,2014-09,1430.0
Raclette Courdavault,2014-10,2228.6
Raclette Courdavault,2014-12,528.0
Raclette Courdavault,2015-01,4364.8
Raclette Courdavault,2015-02,1584.0
Raclette Courdavault,2015-03,7128.0
Raclette Courdavault,2015-04,220.0
Raclette Courdavault,2015-05,852.5
Raclette Courdavault,2015-06,2420.0
Raclette Courdavault,2015-07,4372.5
Raclette Courdavault,2015-09,715.0
Raclette Courdavault,2015-10,5703.5
Raclette Courdavault,2015-11,4881.25
Raclette Courdavault,2015-12,3533.75
Raclette Courdavault,2016-01,7749.5
Raclette Courdavault,2016-02,2090.0
Raclette Courdavault,2016-03,220.0
Raclette Courdavault,2016-04,16285.5
Ravioli Angelo,2014-07,1002.3
Ravioli Angelo,2014-08,31.2
Ravioli Angelo,2014-10,249.6
Ravioli Angelo,2014-11,780.0
Ravioli Angelo,2015-01,312.0
Ravioli Angelo,2015-02,187.2
Ravioli Angelo,2015-05,87.75
Ravioli Angelo,2015-06,195.0
Ravioli Angelo,2015-07,390.0
Ravioli Angelo,2015-10,780.0
Ravioli Angelo,2015-11,204.75
Ravioli Angelo,2016-01,1238.25
Ravioli Angelo,2016-02,390.0
Ravioli Angelo,2016-03,877.5
Ravioli Angelo,2016-04,936.0
Rh�nbr�u Klosterbier,2014-08,260.4
Rh�nbr�u Klosterbier,2014-09,62.0
Rh�nbr�u Klosterbier,2014-10,310.0
Rh�nbr�u Klosterbier,2014-11,106.02
Rh�nbr�u Klosterbier,2015-02,152.52
Rh�nbr�u Klosterbier,2015-03,285.2
Rh�nbr�u Klosterbier,2015-04,638.6
Rh�nbr�u Klosterbier,2015-05,232.5
Rh�nbr�u Klosterbier,2015-06,887.375
Rh�nbr�u Klosterbier,2015-07,496.0
Rh�nbr�u Klosterbier,2015-08,71.3
Rh�nbr�u Klosterbier,2015-09,426.25
Rh�nbr�u Klosterbier,2015-10,325.5
Rh�nbr�u Klosterbier,2015-11,155.0
Rh�nbr�u Klosterbier,2015-12,815.3
Rh�nbr�u Klosterbier,2016-01,155.0
Rh�nbr�u Klosterbier,2016-02,992.0
Rh�nbr�u Klosterbier,2016-03,1543.025
Rh�nbr�u Klosterbier,2016-04,232.5
Rh�nbr�u Klosterbier,2016-05,31.0
Rogede sild,2014-12,91.2
Rogede sild,2015-03,205.2
Rogede sild,2015-04,199.5
Rogede sild,2015-05,807.5
Rogede sild,2015-08,190.0
Rogede sild,2015-10,1045.0
Rogede sild,2015-11,665.0
Rogede sild,2015-12,243.675
Rogede sild,2016-01,273.6
Rogede sild,2016-02,142.5
Rogede sild,2016-03,285.0
Rogede sild,2016-04,190.0
R�d Kaviar,2014-08,300.0
R�d Kaviar,2015-01,216.0
R�d Kaviar,2015-03,192.0
R�d Kaviar,2015-05,477.0
R�d Kaviar,2015-06,45.0
R�d Kaviar,2015-07,450.0
R�d Kaviar,2015-08,446.25
R�d Kaviar,2015-09,750.0
R�d Kaviar,2015-10,716.25
R�d Kaviar,2015-11,225.0
R�d Kaviar,2016-02,150.0
R�d Kaviar,2016-05,29.7
R�ssle Sauerkraut,2014-08,728.0
R�ssle Sauerkraut,2014-09,1164.8
R�ssle Sauerkraut,2014-10,509.6
R�ssle Sauerkraut,2014-11,1517.88
R�ssle Sauerkraut,2014-12,837.2
R�ssle Sauerkraut,2015-01,1375.92
R�ssle Sauerkraut,2015-02,2074.8
R�ssle Sauerkraut,2015-03,655.2
R�ssle Sauerkraut,2015-04,2991.36
R�ssle Sauerkraut,2015-05,319.2
R�ssle Sauerkraut,2015-08,1881.0
R�ssle Sauerkraut,2015-10,2462.4
R�ssle Sauerkraut,2015-11,1094.4
R�ssle Sauerkraut,2015-12,1094.4
R�ssle Sauerkraut,2016-02,136.8
R�ssle Sauerkraut,2016-03,2599.2
R�ssle Sauerkraut,2016-04,3944.4
R�ssle Sauerkraut,2016-05,310.08
Sasquatch Ale,2014-08,224.0
Sasquatch Ale,2014-09,156.8
Sasquatch Ale,2014-11,509.6
Sasquatch Ale,2014-12,112.0
Sasquatch Ale,2015-02,179.2
Sasquatch Ale,2015-03,372.4
Sasquatch Ale,2015-05,105.0
Sasquatch Ale,2015-06,560.0
Sasquatch Ale,2015-10,330.4
Sasquatch Ale,2015-11,420.0
Sasquatch Ale,2015-12,140.0
Sasquatch Ale,2016-02,140.0
Sasquatch Ale,2016-03,280.0
Sasquatch Ale,2016-04,2331.0
Sasquatch Ale,2016-05,490.0
Schoggi Schokolade,2014-07,877.5
Schoggi Schokolade,2014-08,394.875
Schoggi Schokolade,2015-02,1755.0
Schoggi Schokolade,2015-04,5268.0
Schoggi Schokolade,2015-07,2195.0
Schoggi Schokolade,2015-12,1756.0
Schoggi Schokolade,2016-01,439.0
Schoggi Schokolade,2016-03,2414.5
Scottish Longbreads,2014-08,27.0
Scottish Longbreads,2014-09,365.0
Scottish Longbreads,2014-10,238.0
Scottish Longbreads,2014-12,664.0
Scottish Longbreads,2015-01,510.0
Scottish Longbreads,2015-02,157.5
Scottish Longbreads,2015-03,300.0
Scottish Longbreads,2015-04,75.0
Scottish Longbreads,2015-05,687.5
Scottish Longbreads,2015-08,367.5
Scottish Longbreads,2015-09,125.0
Scottish Longbreads,2015-10,962.5
Scottish Longbreads,2015-11,60.0
Scottish Longbreads,2015-12,912.5
Scottish Longbreads,2016-01,550.0
Scottish Longbreads,2016-02,725.0
Scottish Longbreads,2016-03,750.0
Scottish Longbreads,2016-04,550.0
Scottish Longbreads,2016-05,687.5
Singaporean Hokkien Fried Mee,2014-07,98.0
Singaporean Hokkien Fried Mee,2014-09,89.6
Singaporean Hokkien Fried Mee,2014-10,89.6
Singaporean Hokkien Fried Mee,2014-11,100.8
Singaporean Hokkien Fried Mee,2015-01,425.6
Singaporean Hokkien Fried Mee,2015-03,560.0
Singaporean Hokkien Fried Mee,2015-04,912.8
Singaporean Hokkien Fried Mee,2015-06,333.2
Singaporean Hokkien Fried Mee,2015-07,1120.0
Singaporean Hokkien Fried Mee,2015-08,70.0
Singaporean Hokkien Fried Mee,2015-09,1183.0
Singaporean Hokkien Fried Mee,2015-11,392.0
Singaporean Hokkien Fried Mee,2015-12,411.6
Singaporean Hokkien Fried Mee,2016-01,809.2
Singaporean Hokkien Fried Mee,2016-02,350.0
Singaporean Hokkien Fried Mee,2016-03,112.0
Singaporean Hokkien Fried Mee,2016-04,1517.6
Sir Rodney's Marmalade,2014-07,2462.4
Sir Rodney's Marmalade,2014-08,1684.8
Sir Rodney's Marmalade,2014-12,2397.6
Sir Rodney's Marmalade,2015-04,3159.0
Sir Rodney's Marmalade,2015-05,1093.5
Sir Rodney's Marmalade,2015-07,1360.8
Sir Rodney's Marmalade,2015-09,1701.0
Sir Rodney's Marmalade,2016-01,405.0
Sir Rodney's Marmalade,2016-02,1539.0
Sir Rodney's Marmalade,2016-03,5467.5
Sir Rodney's Marmalade,2016-04,1215.0
Sir Rodney's Marmalade,2016-05,77.76
Sir Rodney's Scones,2014-07,240.0
Sir Rodney's Scones,2014-10,72.0
Sir Rodney's Scones,2014-11,36.0
Sir Rodney's Scones,2014-12,68.0
Sir Rodney's Scones,2015-01,712.0
Sir Rodney's Scones,2015-02,512.0
Sir Rodney's Scones,2015-03,238.0
Sir Rodney's Scones,2015-04,440.0
Sir Rodney's Scones,2015-05,204.0
Sir Rodney's Scones,2015-07,140.0
Sir Rodney's Scones,2015-08,885.0
Sir Rodney's Scones,2015-09,708.0
Sir Rodney's Scones,2015-10,354.0
Sir Rodney's Scones,2015-11,680.0
Sir Rodney's Scones,2015-12,400.0
Sir Rodney's Scones,2016-01,400.0
Sir Rodney's Scones,2016-02,580.0
Sir Rodney's Scones,2016-03,1420.0
Sir Rodney's Scones,2016-04,1015.0
Sirop d'�rable,2015-01,364.8
Sirop d'�rable,2015-02,2314.2
Sirop d'�rable,2015-04,1054.5
Sirop d'�rable,2015-05,826.5
Sirop d'�rable,2015-07,2565.0
Sirop d'�rable,2015-08,456.0
Sirop d'�rable,2015-10,427.5
Sirop d'�rable,2015-11,513.0
Sirop d'�rable,2015-12,570.0
Sirop d'�rable,2016-01,726.75
Sirop d'�rable,2016-02,1254.0
Sirop d'�rable,2016-03,855.0
Sirop d'�rable,2016-04,2425.35
Spegesild,2014-08,122.4
Spegesild,2014-10,288.0
Spegesild,2014-12,673.92
Spegesild,2015-01,206.4
Spegesild,2015-02,307.2
Spegesild,2015-03,48.0
Spegesild,2015-04,91.8
Spegesild,2015-08,244.8
Spegesild,2015-09,1260.0
Spegesild,2015-10,504.0
Spegesild,2015-11,319.2
Spegesild,2016-01,420.0
Spegesild,2016-02,252.0
Spegesild,2016-03,288.0
Spegesild,2016-04,516.0
Spegesild,2016-05,341.28
Steeleye Stout,2014-07,288.0
Steeleye Stout,2014-08,1497.6
Steeleye Stout,2014-10,1000.8
Steeleye Stout,2014-12,950.4
Steeleye Stout,2015-01,1195.2
Steeleye Stout,2015-02,115.2
Steeleye Stout,2015-04,54.0
Steeleye Stout,2015-05,954.0
Steeleye Stout,2015-06,360.0
Steeleye Stout,2015-07,837.0
Steeleye Stout,2015-08,486.0
Steeleye Stout,2015-10,499.5
Steeleye Stout,2015-11,504.0
Steeleye Stout,2015-12,270.0
Steeleye Stout,2016-01,1017.0
Steeleye Stout,2016-02,666.0
Steeleye Stout,2016-03,900.0
Steeleye Stout,2016-04,2049.3
Tarte au sucre,2014-07,443.25
Tarte au sucre,2014-08,2048.8
Tarte au sucre,2014-09,4826.5
Tarte au sucre,2014-10,1103.2
Tarte au sucre,2014-12,1182.0
Tarte au sucre,2015-01,2955.0
Tarte au sucre,2015-02,1379.0
Tarte au sucre,2015-04,147.9
Tarte au sucre,2015-05,2908.7
Tarte au sucre,2015-06,1491.325
Tarte au sucre,2015-07,887.4
Tarte au sucre,2015-08,4091.9
Tarte au sucre,2015-09,493.0
Tarte au sucre,2015-10,3352.4
Tarte au sucre,2015-11,1922.7
Tarte au sucre,2015-12,2008.975
Tarte au sucre,2016-01,4745.125
Tarte au sucre,2016-02,2913.63
Tarte au sucre,2016-03,6966.09
Tarte au sucre,2016-04,1368.075
Teatime Chocolate Biscuits,2014-08,138.7
Teatime Chocolate Biscuits,2014-09,109.5
Teatime Chocolate Biscuits,2014-10,69.35
Teatime Chocolate Biscuits,2014-11,584.0
Teatime Chocolate Biscuits,2015-01,295.65
Teatime Chocolate Biscuits,2015-02,458.44
Teatime Chocolate Biscuits,2015-03,189.8
Teatime Chocolate Biscuits,2015-05,92.0
Teatime Chocolate Biscuits,2015-06,257.6
Teatime Chocolate Biscuits,2015-08,446.2
Teatime Chocolate Biscuits,2015-09,395.6
Teatime Chocolate Biscuits,2015-10,204.7
Teatime Chocolate Biscuits,2015-12,646.76
Teatime Chocolate Biscuits,2016-01,244.72
Teatime Chocolate Biscuits,2016-02,340.4
Teatime Chocolate Biscuits,2016-03,174.8
Teatime Chocolate Biscuits,2016-04,759.0
Teatime Chocolate Biscuits,2016-05,455.4
Th�ringer Rostbratwurst,2014-07,990.0
Th�ringer Rostbratwurst,2014-08,1485.0
Th�ringer Rostbratwurst,2014-09,2227.5
Th�ringer Rostbratwurst,2014-11,3861.0
Th�ringer Rostbratwurst,2014-12,3366.0
Th�ringer Rostbratwurst,2015-01,2079.0
Th�ringer Rostbratwurst,2015-02,2019.6
Th�ringer Rostbratwurst,2015-03,1603.8
Th�ringer Rostbratwurst,2015-04,4456.44
Th�ringer Rostbratwurst,2015-06,1237.9
Th�ringer Rostbratwurst,2015-08,3218.54
Th�ringer Rostbratwurst,2015-09,5694.34
Th�ringer Rostbratwurst,2015-10,6362.806
Th�ringer Rostbratwurst,2015-12,8083.487
Th�ringer Rostbratwurst,2016-01,1869.229
Th�ringer Rostbratwurst,2016-02,18444.71
Th�ringer Rostbratwurst,2016-03,1733.06
Th�ringer Rostbratwurst,2016-04,11636.26
Tofu,2014-07,167.4
Tofu,2014-10,353.4
Tofu,2014-12,864.9
Tofu,2015-01,1209.0
Tofu,2015-03,223.2
Tofu,2015-04,1627.5
Tofu,2015-06,1106.7
Tofu,2015-08,558.0
Tofu,2015-09,760.275
Tofu,2015-11,470.8125
Tofu,2015-12,279.0
Tofu,2016-05,371.3025
Tourti�re,2014-08,53.1
Tourti�re,2014-09,29.5
Tourti�re,2014-10,88.5
Tourti�re,2014-11,654.9
Tourti�re,2014-12,59.0
Tourti�re,2015-01,271.4
Tourti�re,2015-02,588.82
Tourti�re,2015-03,106.2
Tourti�re,2015-04,149.0
Tourti�re,2015-05,341.21
Tourti�re,2015-07,402.3
Tourti�re,2015-08,223.5
Tourti�re,2015-09,263.73
Tourti�re,2015-10,715.2
Tourti�re,2015-12,122.925
Tourti�re,2016-01,195.5625
Tourti�re,2016-02,277.14
Tourti�re,2016-04,74.5
Tourti�re,2016-05,111.75
Tunnbr�d,2014-10,288.0
Tunnbr�d,2014-11,180.0
Tunnbr�d,2014-12,288.0
Tunnbr�d,2015-01,432.0
Tunnbr�d,2015-03,259.2
Tunnbr�d,2015-04,72.0
Tunnbr�d,2015-05,706.5
Tunnbr�d,2015-08,90.0
Tunnbr�d,2015-09,333.0
Tunnbr�d,2015-11,396.0
Tunnbr�d,2016-01,729.0
Tunnbr�d,2016-02,666.0
Tunnbr�d,2016-03,54.0
Tunnbr�d,2016-04,90.0
Tunnbr�d,2016-05,18.0
Uncle Bob's Organic Dried Pears,2014-07,360.0
Uncle Bob's Organic Dried Pears,2014-12,192.0
Uncle Bob's Organic Dried Pears,2015-02,364.8
Uncle Bob's Organic Dried Pears,2015-03,720.0
Uncle Bob's Organic Dried Pears,2015-04,1275.0
Uncle Bob's Organic Dried Pears,2015-05,300.0
Uncle Bob's Organic Dried Pears,2015-07,1650.0
Uncle Bob's Organic Dried Pears,2015-08,1050.0
Uncle Bob's Organic Dried Pears,2015-10,2700.0
Uncle Bob's Organic Dried Pears,2015-12,1126.5
Uncle Bob's Organic Dried Pears,2016-01,690.0
Uncle Bob's Organic Dried Pears,2016-02,930.0
Uncle Bob's Organic Dried Pears,2016-03,6510.0
Uncle Bob's Organic Dried Pears,2016-04,3720.0
Uncle Bob's Organic Dried Pears,2016-05,456.0
Valkoinen suklaa,2014-11,175.5
Valkoinen suklaa,2014-12,195.0
Valkoinen suklaa,2015-01,520.0
Valkoinen suklaa,2015-03,325.0
Valkoinen suklaa,2015-08,385.9375
Valkoinen suklaa,2015-11,942.5
Valkoinen suklaa,2016-03,536.25
Valkoinen suklaa,2016-05,357.5
Vegie-spread,2014-08,456.3
Vegie-spread,2014-10,2386.8
Vegie-spread,2014-12,505.44
Vegie-spread,2015-01,3202.875
Vegie-spread,2015-06,263.4
Vegie-spread,2015-07,842.88
Vegie-spread,2015-10,878.0
Vegie-spread,2015-11,395.1
Vegie-spread,2015-12,1317.0
Vegie-spread,2016-03,4609.5
Vegie-spread,2016-04,1843.8
Wimmers gute Semmelkn�del,2014-08,239.4
Wimmers gute Semmelkn�del,2014-10,1330.0
Wimmers gute Semmelkn�del,2014-11,837.9
Wimmers gute Semmelkn�del,2014-12,798.0
Wimmers gute Semmelkn�del,2015-01,186.2
Wimmers gute Semmelkn�del,2015-02,1715.7
Wimmers gute Semmelkn�del,2015-03,1010.8
Wimmers gute Semmelkn�del,2015-06,1735.65
Wimmers gute Semmelkn�del,2015-08,299.25
Wimmers gute Semmelkn�del,2015-09,1379.875
Wimmers gute Semmelkn�del,2015-11,798.0
Wimmers gute Semmelkn�del,2015-12,931.0
Wimmers gute Semmelkn�del,2016-01,3441.375
Wimmers gute Semmelkn�del,2016-02,1138.8125
Wimmers gute Semmelkn�del,2016-03,399.0
Wimmers gute Semmelkn�del,2016-04,1330.0
Wimmers gute Semmelkn�del,2016-05,4387.005
Zaanse koeken,2014-10,97.28
Zaanse koeken,2015-01,589.0
Zaanse koeken,2015-03,228.0
Zaanse koeken,2015-04,48.45
Zaanse koeken,2015-06,237.5
Zaanse koeken,2015-07,142.5
Zaanse koeken,2015-09,668.8
Zaanse koeken,2015-10,517.75
Zaanse koeken,2015-11,213.75
Zaanse koeken,2015-12,285.0
Zaanse koeken,2016-01,285.0
Zaanse koeken,2016-02,179.55
Zaanse koeken,2016-03,465.5
